<?xml version="1.0" encoding="UTF-8"?>
<project-private xmlns="http://www.netbeans.org/ns/project-private/1">
    <editor-bookmarks xmlns="http://www.netbeans.org/ns/editor-bookmarks/2" lastBookmarkId="0"/>
    <open-files xmlns="http://www.netbeans.org/ns/projectui-open-files/2">
        <group>
            <file>file:/home/junior/NetBeansProjects/desafio_2/src/java/hibernate.cfg.xml</file>
            <file>file:/home/junior/NetBeansProjects/desafio_2/src/java/model/Item.java</file>
            <file>file:/home/junior/NetBeansProjects/desafio_2/web/lancamento.xhtml</file>
            <file>file:/home/junior/NetBeansProjects/desafio_2/src/java/controller/ItemController.java</file>
            <file>file:/home/junior/NetBeansProjects/desafio_2/web/item.xhtml</file>
            <file>file:/home/junior/NetBeansProjects/desafio_2/src/java/controller/LancamentoController.java</file>
            <file>file:/home/junior/NetBeansProjects/desafio_2/web/itens.xhtml</file>
        </group>
    </open-files>
</project-private>
